review,label,rating
"Got this phone last month. It's pretty solid for the price. Camera is decent, battery gets me through a full day usually.",genuine,4
The laptop runs most things I need without issues. Sometimes gets a bit warm during heavy tasks but nothing concerning.,genuine,4
Headphones are comfortable to wear. Sound quality is good enough for everyday listening. Bluetooth drops occasionally though.,genuine,4
Watch works as expected. Nothing fancy but tells time and tracks steps like it should.,genuine,3
This tablet is fine for browsing and streaming. It's not the fastest but does what I need.,genuine,3
The charger cable is decent quality. Been using it for months and hasn't frayed yet.,genuine,4
Keyboard feels alright to type on. Not mechanical but responsive enough for regular work.,genuine,3
Monitor display looks clear enough for my needs. Some slight color issues in dark scenes.,genuine,3
Router works fine for my apartment. Gets decent range and speeds are what I'd expect.,genuine,4
"Speaker volume is good. Audio quality is okay, nothing special but acceptable.",genuine,3
Phone has been reliable so far. Screen is bright and feels nice in hand.,genuine,4
Battery drains slower than my old device which is nice. Overall happy with this.,genuine,4
The app interface could be better but I've adapted. Functionality works and that's what matters.,genuine,3
Laptop keyboard is mushy but I've adjusted. Processing power is solid for everyday tasks.,genuine,3
These earbuds fit okay. Sound is decent and they stay in during workouts.,genuine,3
The smartwatch notifications work most of the time. Sometimes takes a few seconds to update.,genuine,3
Camera zoom isn't amazing but it works for casual photography. Daytime shots look pretty good.,genuine,3
This external hard drive has been reliable. Data transfer speeds are acceptable.,genuine,4
The webcam quality is average. Good enough for video calls but nothing professional.,genuine,3
Touchpad is responsive. Could be larger but it's functional.,genuine,3
Phone feels sturdy. Only had it a month so can't speak to longevity yet.,genuine,4
Display brightness is good indoors. Would like it brighter in direct sunlight.,genuine,3
Charging speed is decent. Could be faster but not terrible either.,genuine,3
Product shipped quickly and arrived in good condition.,genuine,5
Build quality seems solid. Materials feel durable enough for regular use.,genuine,4
Battery shows weird percentages sometimes but actual battery life is consistent.,genuine,3
I like the minimalist design. Does exactly what it says it will.,genuine,5
The warranty is pretty basic but at least there is one.,genuine,3
Software updates have been decent. No major bugs so far.,genuine,4
This is my second one. First one lasted several years which is good.,genuine,5
Tracking features work well most of the time. Occasionally inaccurate but generally reliable.,genuine,3
Setup was straightforward. Instructions were clear enough.,genuine,4
Performance is solid for the cost. Not top tier but competitive.,genuine,4
The mic quality is better than I expected for this price.,genuine,4
Fans run quietly most of the time. Only get loud during intensive tasks.,genuine,4
Color accuracy is pretty good for photos and videos.,genuine,4
Screen refresh rate is smooth. Makes scrolling feel nice.,genuine,5
The product has decent features. Some I'll never use but nice to have.,genuine,4
Buttons feel clicky and responsive. No dead buttons so far.,genuine,4
Frame rate is consistent during gaming. Handles most games at reasonable settings.,genuine,4
Storage capacity is as advertised. No surprise limitations.,genuine,5
Memory management seems fine. Doesn't slow down with multiple apps open.,genuine,4
Customer support responded within a few days.,genuine,4
Packaging was decent and protective. No damage on arrival.,genuine,4
Design is practical rather than flashy which I appreciate.,genuine,4
Weight distribution feels good. Not too heavy to carry.,genuine,4
Controls are intuitive. Didn't need to read the manual.,genuine,5
Temperature management is good. Doesn't overheat during use.,genuine,5
The color looks nice in person. Online photos were accurate.,genuine,5
Durability seems good so far. No scratches from normal use.,genuine,4
Learning curve is pretty short. Figure out basics quickly.,genuine,4
Network connectivity is stable. Don't experience many disconnects.,genuine,4
Product feels like decent value for the price.,genuine,4
Audio balance between speakers is even. No issues.,genuine,5
Vibration feedback is subtle but noticeable when needed.,genuine,4
Strap adjustment is easy to get right.,genuine,5
Syncing between devices works smoothly most times.,genuine,4
Notification system is helpful without being annoying.,genuine,4
Power efficiency is better than my previous device.,genuine,5
Screen protector stays on without bubbles.,genuine,5
Compatibility with other devices is good.,genuine,4
Replacement parts are reasonably priced.,genuine,4
Documentation is helpful for setup.,genuine,4
Product feels premium for the cost.,genuine,5
No stuttering or lag in normal use.,genuine,5
Interface is clean and not cluttered.,genuine,5
Updates don't make things worse which is good.,genuine,4
I appreciate that it just works without fiddling.,genuine,5
Sound isolation is decent but not complete.,genuine,3
Product comes with useful accessories.,genuine,4
Backlight is adjustable and helpful.,genuine,4
Connection stability is reliable.,genuine,5
Bezel size is reasonable.,genuine,4
Power management settings are useful.,genuine,4
Product arrived on time.,genuine,5
Build quality justifies the price.,genuine,4
No overheating issues in my use.,genuine,5
Design is timeless not trendy.,genuine,4
Works as intended out of the box.,genuine,5
Not fancy but dependable.,genuine,4
Software is stable and responsive.,genuine,5
Learning curve is minimal.,genuine,5
Gets the job done effectively.,genuine,4
Reliable for daily use.,genuine,5
Had no major issues.,genuine,4
Sound quality is respectable.,genuine,4
Performance is consistent.,genuine,5
No dead zones or defects.,genuine,5
Operates quietly most times.,genuine,4
Battery life is long.,genuine,5
Fast enough for my needs.,genuine,4
Easy to maintain and clean.,genuine,5
Weight is manageable.,genuine,4
Grip is comfortable and secure.,genuine,5
Product feels well made.,genuine,5
No quirks or weird behaviors.,genuine,5
Works in various conditions.,genuine,5
Settings are customizable.,genuine,4
Response time is quick.,genuine,5
Connectivity is reliable overall.,genuine,5
No lag or delays noticed.,genuine,5
Controls are easy to understand.,genuine,5
Product is straightforward.,genuine,4
Seems durable so far.,genuine,4
No major complaints.,genuine,4
Does what it's supposed to.,genuine,4
Good value overall.,genuine,4
Works fine for my purposes.,genuine,4
No issues to report.,genuine,5
Solid performance so far.,genuine,4
Very happy with this.,genuine,5
No regrets about buying.,genuine,5
Better than expected actually.,genuine,5
Would recommend to others.,genuine,5
Worth the purchase price.,genuine,5
